Rank,URL
1,https://www.cmsdistribution.com/technologies/consumer-electronics
2,https://www.go10.co.uk/
3,https://thamesdistribution.com/vendors/veho/
4,https://store.midwich.com/find/shop/consumer-electronics
5,https://spencergrace.co.uk/
6,https://www.hci.co.uk/
7,https://www.aqipa.com/en-NL/
8,https://www.euronicsdistribution.co.uk/
9,https://www.cmsdistribution.com/press-release/tag/lifestyle
10,https://evolifestyle.co.uk/about-us/
11,https://www.euromonitor.com/consumer-electronics-in-the-united-kingdom/report
12,https://www.imarcgroup.com/uk-consumer-electronics-market
13,https://www.cmsdistribution.com/press-release
14,https://home.kuehne-nagel.com/en/-/services/high-tech-logistics/consumer-electronics
15,https://ikonic.com/
16,https://www.jsgl.com/
17,https://uk.linkedin.com/company/etronix-distribution-limited
18,https://www.dksh.com/global-en/home/consumer-goods/industries/luxury-and-lifestyle
19,https://www.dynamic-distribution.net/2018%20about%20us.html
20,https://rlvnt.eu/
21,https://www.dcctechnology.com/what-we-do
22,https://www.eurotronics.bg/en-GB/veho-official-distributor
23,https://dimerco.com/key-industries/consumer-electronic-logistics/
24,https://delamode-logistics.com/delamode-teams-up-with-veho-to-supercharge-consumer-electronics-deliveries/
25,https://www.rashmian.com/vybe
26,https://www.alcos.sg/pages/about-us
27,https://uk.linkedin.com/company/veho
28,https://www.azentio.com/articles/consumer-electronics-industry-distribution-trading/
29,https://lenbrook.com/
30,https://www.ibisworld.com/united-kingdom/market-research-reports/consumer-electronics-manufacturing-industry/
31,https://retail-merchandiser.com/news/with-hundreds-of-leading-lifestyle-brands-clf-distribution-offers-uk-retailers-a-comprehensive-choice/
32,https://www.deloitte.com/uk/en/Industries/retail/about.html
33,https://finance.yahoo.com/news/consumer-electronics-industry-western-europe-133300859.html
34,https://www.dksh.com/global-en/home/consumer-goods
35,https://research.hktdc.com/en/article/MzU2MjY1ODE2
36,https://www.zionmarketresearch.com/report/consumer-electronics-market-size
37,https://bluebellgroup.com/
38,https://www.statista.com/statistics/286120/electronic-equipment-online-purchasing-in-great-britain-by-demographic/
39,https://www.deloitte.com/za/en/Industries/retail/about.html
40,https://ce-hub.org/knowledge-hub/ce-hub-digital-series-extending-the-life-of-consumer-electronics/
41,https://pressat.co.uk/releases/hitcase-appoints-mmd-as-exclusive-uk-distributor-for-premium-ce-lifestyle-outdoor-accounts-3f629be8d44b0073d952924c0245632e/
42,https://www.instagram.com/simplybrandsasialtd/reel/Cx8GzIaMHqa/
43,https://www.amd.com/en/solutions/home-and-lifestyle.html
44,https://www.frontiersin.org/journals/sustainability/articles/10.3389/frsus.2024.1432655/full
45,https://www.futuremarketinsights.com/reports/consumer-electronics-market
46,https://www.euromonitor.com/consumer-electronics
47,https://www.pwc.com/gx/en/industries/consumer-markets/consumer-insights-survey.html
48,https://www.mckinsey.com/~/media/mckinsey/industries/retail/our%20insights/perspectives%20on%20retail%20and%20consumer%20goods%20number%208/perspectives-on-retail-and-consumer-goods_issue-8.pdf
49,https://www.coherentmarketinsights.com/market-insight/consumer-electronics-market-4722
50,https://www.nortonrosefulbright.com/en/knowledge/publications/d31a6b2c/predicting-patterns-how-do-consumer-market-trends-influence-ma-activity
51,https://www.harman.com/
52,https://www.westcoast.co.uk/
53,https://www.ifa-berlin.com/
54,https://www.philex.com.hk/why-choose-us/
55,https://www.circana.com/
56,https://www.popai.co.uk/Uploaded/Documents/ISINonMember/POPAI_ISI_35_NonMember.pdf
57,https://standexelectronics.com/distributors-partnerships/
58,https://www.exertisalmo.com/news/id/YbnE7hIAACAAi3iT
59,https://www.bleckmann.com/
60,https://www.dcc.ie/technology
61,https://www.almo.com/
62,https://www.sciencedirect.com/science/article/abs/pii/S1047831004000070
63,https://www.nimanshome.co.uk/about_us
64,https://www.lcatterton.com/
65,https://www.360insights.com/360insights-for-consumer-durables-industry
66,https://www.mckinsey.com/industries/consumer-packaged-goods/our-insights/consumers-care-about-sustainability-and-back-it-up-with-their-wallets
67,https://www.campaignasia.com/article/philips-and-more-gibson-innovations-details-music-lifestyle-brand-ambitions/397110
68,https://www.cognitivemarketresearch.com/list/consumer-goods/consumer-electronics?srsltid=AfmBOoo_PaqhrOBX75bdf3sCgRRy7IPlbUBHfG6P0HEa6OJTR-lBWD_2
69,https://www.quora.com/How-do-I-find-US-distributors-in-consumer-electronics
70,https://www.capgemini.com/industries/consumer-products/
71,https://www.business-standard.com/companies/news/ril-to-boost-homegrown-wyzr-brand-in-indian-consumer-electronics-market-124042400301_1.html
72,https://www.meteorelectrical.com/blog/top-selling-electrical-products-by-year.html
73,https://www.tandfonline.com/doi/full/10.1080/1331677X.2019.1691037
74,http://www.trendslifestyle.pl/en/
75,https://www.borne-lifestyle.com/
76,https://research.hktdc.com/en/article/NDM0ODk2ODI4
77,https://www.ifa-berlin.com/global-markets
78,https://www.newelectronics.co.uk/content/features/trends-in-consumer-electronics/
79,https://www.thebusinessresearchcompany.com/report/consumer-electronics-and-appliances-rental-global-market-report
80,https://news.samsung.com/my/samsung-announces-2019-lifestyle-tvs-the-frame-and-serif-tv-will-be-on-display-at-ces-2019
81,https://marketresearch.biz/report/consumer-electronics-market/
82,https://connect.avivab2b.co.uk/adviser/articles/news/platform-and-investments/consumer-duty-questions-and-answers-for-distributors/
83,https://www.indianretailer.com/article/just-in/perspectives/d2c-100-boat-lifestyle-revolutionizing-the-consumer-electronics-industry.a8203
84,https://itchanneloxygen.com/oxygen-top-45-must-know-uk-it-distributors/
85,https://cpduk.co.uk/industries/retail/consumer-electronics
86,https://uk.finance.yahoo.com/news/consumer-electronics-market-report-2024-135700632.html
87,https://www.prnewswire.co.uk/
88,https://www.klgates.com/Extra-Extra-Read-All-About-ItFinal-European-and-UK-Brand-Distribution-Rules-Published-5-13-2022
89,https://indigodistribution.co.uk/
90,https://www.instagram.com/dynamiclifestyleandgift/?hl=en
91,https://www.thewholesaler.co.uk/lifestyle/
92,https://www.lg.com/uk/magazine/lifestyle/food/?srsltid=AfmBOop4HaxMQvIrvmNt99fAAuHlrxVeSBquJs-YdMfs13Ie7aUuHwIR
93,https://www.lifestyletechnology.co.uk/
94,https://find-and-update.company-information.service.gov.uk/company/08698337
95,https://www.swagdistribution.co.uk/
96,https://evolifestyle.co.uk/our-brands/
97,https://www.newswire.ca/news-releases/syspro-extends-global-footprint-with-strategic-acquisition-of-uk-based-manufacturing-and-distribution-software-specialist-nexsys-880156056.html
98,https://www.einpresswire.com/article/765721102/growth-of-consumer-electronics-market-key-driver-transforming-outsourced-semiconductor-assembly-and-testing-market-2024
99,https://arvato.com/
100,https://www.euromonitor.com/consumer-electronics-in-the-united-kingdom/report
